E_Fname,E_Lname,E_Email,E_Phone,ShelterId,EmpTypeId
Kimberly,Grant,k.grant@randatmail.com,957-3966-07,12,1
Dale,Nelson,d.nelson@randatmail.com,537-0254-86,1,4
Albert,Howard,a.howard@randatmail.com,338-3486-13,6,3
Stella,Russell,s.russell@randatmail.com,040-6090-68,12,4
Tess,Gray,t.gray@randatmail.com,813-5598-11,3,3
Vanessa,Bailey,v.bailey@randatmail.com,398-9478-65,14,3
Jacob,Russell,j.russell@randatmail.com,746-7804-34,3,3
James,Myers,j.myers@randatmail.com,244-1887-73,7,3
Jacob,Howard,j.howard@randatmail.com,514-5435-53,7,5
Ned,Russell,n.russell@randatmail.com,356-4983-86,14,3
Kellan,Farrell,k.farrell@randatmail.com,911-9250-35,15,5
Dale,Jones,d.jones@randatmail.com,651-8934-00,1,5
Brad,Hawkins,b.hawkins@randatmail.com,287-6456-22,6,1
Charlie,Richards,c.richards@randatmail.com,307-2279-42,11,5
Ashton,Andrews,a.andrews@randatmail.com,963-1600-16,12,3
Elise,Barnes,e.barnes@randatmail.com,210-7420-26,9,1
Alexia,Allen,a.allen@randatmail.com,258-0918-30,4,5
Catherine,Howard,c.howard@randatmail.com,815-7736-47,12,3
Frederick,Cameron,f.cameron@randatmail.com,942-6200-78,6,2
Max,Hamilton,m.hamilton@randatmail.com,002-5002-18,4,3
George,Evans,g.evans@randatmail.com,682-7756-95,11,4
Jordan,Mitchell,j.mitchell@randatmail.com,566-2340-55,4,2
Miller,Wells,m.wells@randatmail.com,946-6852-26,13,5
Martin,Harris,m.harris@randatmail.com,113-6476-01,8,2
Chelsea,Sullivan,c.sullivan@randatmail.com,659-1755-64,3,1
Carl,Elliott,c.elliott@randatmail.com,213-5086-45,9,2
Alan,Morris,a.morris@randatmail.com,357-7373-76,8,3
Abraham,Walker,a.walker@randatmail.com,398-5505-21,15,3
Lucy,Campbell,l.campbell@randatmail.com,743-6236-71,11,2
Owen,Smith,o.smith@randatmail.com,889-1430-26,3,2
Amy,Ross,a.ross@randatmail.com,584-7133-43,15,1
Arthur,Watson,a.watson@randatmail.com,229-8863-26,2,5
Emily,Kelly,e.kelly@randatmail.com,671-4837-64,17,2
Briony,Warren,b.warren@randatmail.com,810-2562-52,16,5
Jordan,Rogers,j.rogers@randatmail.com,384-4588-32,17,2
Ryan,Henderson,r.henderson@randatmail.com,926-0288-47,1,5
Paul,Phillips,p.phillips@randatmail.com,127-9632-78,12,1
Maddie,Watson,m.watson@randatmail.com,147-6926-95,6,1
Walter,Montgomery,w.montgomery@randatmail.com,326-7409-87,9,4
Naomi,Grant,n.grant@randatmail.com,048-0658-60,5,4
George,Elliott,g.elliott@randatmail.com,757-5175-82,10,5
Lenny,Ross,l.ross@randatmail.com,092-7104-39,12,4
Sam,Hunt,s.hunt@randatmail.com,534-7232-65,9,1
James,Barnes,j.barnes@randatmail.com,560-1284-49,8,4
Adam,Murphy,a.murphy@randatmail.com,416-3908-39,11,1
Audrey,Mason,a.mason@randatmail.com,843-4127-51,7,3
Elise,Harper,e.harper@randatmail.com,789-0073-27,9,3
Elian,Stewart,e.stewart@randatmail.com,091-4542-25,4,1
Jasmine,Casey,j.casey@randatmail.com,613-1507-90,7,4
Fiona,Chapman,f.chapman@randatmail.com,033-7938-00,7,1
